-- phpMyAdmin SQL Dump
-- version 5.2.1deb3
-- https://www.phpmyadmin.net/
--
-- Host: localhost:3306
-- Generation Time: Jul 02, 2025 at 01:53 AM
-- Server version: 8.0.42-0ubuntu0.24.04.1
-- PHP Version: 8.2.28

SET SQL_MODE = "NO_AUTO_VALUE_ON_ZERO";
START TRANSACTION;
SET time_zone = "+00:00";


/*!40101 SET @OLD_CHARACTER_SET_CLIENT=@@CHARACTER_SET_CLIENT */;
/*!40101 SET @OLD_CHARACTER_SET_RESULTS=@@CHARACTER_SET_RESULTS */;
/*!40101 SET @OLD_COLLATION_CONNECTION=@@COLLATION_CONNECTION */;
/*!40101 SET NAMES utf8mb4 */;

--
-- Database: `emma`
--

-- --------------------------------------------------------

--
-- Table structure for table `attendances`
--

CREATE TABLE `attendances` (
  `id` bigint UNSIGNED NOT NULL,
  `employee_id` bigint UNSIGNED NOT NULL,
  `date` date NOT NULL,
  `clock_in` time DEFAULT NULL,
  `clock_out` time DEFAULT NULL,
  `clock_in_status` enum('ontime','late','absent','leave') CHARACTER SET utf8mb4 COLLATE utf8mb4_unicode_ci NOT NULL DEFAULT 'absent',
  `clock_out_status` enum('ontime','early','late','no_clock_out') CHARACTER SET utf8mb4 COLLATE utf8mb4_unicode_ci DEFAULT NULL,
  `work_duration` int DEFAULT NULL,
  `created_at` timestamp NULL DEFAULT NULL,
  `updated_at` timestamp NULL DEFAULT NULL
) ENGINE=InnoDB DEFAULT CHARSET=utf8mb4 COLLATE=utf8mb4_unicode_ci;

--
-- Dumping data for table `attendances`
--

INSERT INTO `attendances` (`id`, `employee_id`, `date`, `clock_in`, `clock_out`, `clock_in_status`, `clock_out_status`, `work_duration`, `created_at`, `updated_at`) VALUES
(500, 54, '2025-04-01', '08:21:00', '17:03:00', 'late', 'late', 522, '2025-03-31 20:17:46', '2025-04-01 02:33:06'),
(501, 54, '2025-04-02', '08:04:00', '17:55:00', 'ontime', 'late', 591, '2025-04-01 20:45:41', '2025-04-02 02:30:19'),
(502, 54, '2025-04-03', '08:06:00', '16:37:00', 'ontime', 'ontime', 511, '2025-04-02 23:32:55', '2025-04-03 03:55:10'),
(503, 54, '2025-04-04', '08:37:00', '18:21:00', 'late', 'late', 584, '2025-04-03 20:22:38', '2025-04-04 00:44:57'),
(504, 54, '2025-04-05', '08:15:00', '17:21:00', 'ontime', 'late', 546, '2025-04-04 21:06:16', '2025-04-05 02:43:44'),
(505, 54, '2025-04-07', '08:38:00', '17:10:00', 'late', 'late', 512, '2025-04-06 18:30:16', '2025-04-06 22:33:11'),
(506, 54, '2025-04-08', '08:43:00', '17:11:00', 'late', 'late', 508, '2025-04-08 01:18:55', '2025-04-07 20:26:37'),
(507, 54, '2025-04-09', '08:08:00', '16:56:00', 'ontime', 'ontime', 528, '2025-04-09 03:52:33', '2025-04-08 20:41:54'),
(508, 54, '2025-04-10', '08:08:00', '16:21:00', 'ontime', 'ontime', 493, '2025-04-09 20:26:16', '2025-04-09 22:53:01'),
(509, 54, '2025-04-11', '08:27:00', '18:16:00', 'late', 'late', 589, '2025-04-10 18:09:45', '2025-04-10 22:34:43'),
(510, 54, '2025-04-12', '08:17:00', '17:54:00', 'late', 'late', 577, '2025-04-11 21:07:34', '2025-04-11 23:27:04'),
(511, 54, '2025-04-14', '07:47:00', '17:53:00', 'ontime', 'late', 606, '2025-04-13 18:17:24', '2025-04-14 00:45:23'),
(512, 54, '2025-04-15', '08:06:00', '16:29:00', 'ontime', 'ontime', 503, '2025-04-14 20:23:46', '2025-04-14 19:18:45'),
(513, 54, '2025-04-16', '08:40:00', '17:10:00', 'late', 'late', 510, '2025-04-16 02:41:07', '2025-04-16 02:08:06'),
(514, 54, '2025-04-17', '08:32:00', '18:17:00', 'late', 'late', 585, '2025-04-17 01:17:52', '2025-04-17 03:00:00'),
(515, 54, '2025-04-18', '07:45:00', '17:59:00', 'ontime', 'late', 614, '2025-04-17 22:13:24', '2025-04-18 00:21:05'),
(516, 54, '2025-04-19', '08:12:00', '16:14:00', 'ontime', 'ontime', 482, '2025-04-18 23:45:57', '2025-04-19 00:46:36'),
(517, 54, '2025-04-21', '08:13:00', '18:19:00', 'ontime', 'late', 606, '2025-04-20 23:09:37', '2025-04-21 03:07:23'),
(518, 54, '2025-04-22', '07:56:00', '16:06:00', 'ontime', 'ontime', 490, '2025-04-21 22:45:33', '2025-04-21 18:37:59'),
(519, 54, '2025-04-23', '08:06:00', '16:13:00', 'ontime', 'ontime', 487, '2025-04-23 02:03:30', '2025-04-23 03:47:53'),
(520, 54, '2025-04-24', '08:23:00', '17:21:00', 'late', 'late', 538, '2025-04-24 00:36:34', '2025-04-23 21:10:44'),
(521, 54, '2025-04-25', '08:38:00', '16:16:00', 'late', 'ontime', 458, '2025-04-25 02:39:12', '2025-04-24 23:42:43'),
(522, 54, '2025-04-26', '07:47:00', '17:27:00', 'ontime', 'late', 580, '2025-04-25 22:02:18', '2025-04-25 19:29:55'),
(523, 54, '2025-04-28', '08:35:00', '18:20:00', 'late', 'late', 585, '2025-04-27 18:27:07', '2025-04-28 02:59:04'),
(524, 54, '2025-04-29', '07:49:00', '18:10:00', 'ontime', 'late', 621, '2025-04-28 23:07:59', '2025-04-28 22:02:01'),
(525, 54, '2025-04-30', '08:38:00', '16:44:00', 'late', 'ontime', 486, '2025-04-29 23:11:00', '2025-04-30 03:13:28'),
(526, 54, '2025-05-01', '08:14:00', '16:57:00', 'ontime', 'ontime', 523, '2025-05-01 00:29:56', '2025-04-30 19:35:39'),
(527, 54, '2025-05-02', '08:31:00', '16:37:00', 'late', 'ontime', 486, '2025-05-02 02:56:01', '2025-05-02 02:15:46'),
(528, 54, '2025-05-03', '08:08:00', '16:20:00', 'ontime', 'ontime', 492, '2025-05-02 19:34:53', '2025-05-03 01:14:39'),
(529, 54, '2025-05-05', '07:56:00', '17:36:00', 'ontime', 'late', 580, '2025-05-04 22:35:13', '2025-05-05 01:07:38'),
(530, 54, '2025-05-06', '08:01:00', '16:49:00', 'ontime', 'ontime', 528, '2025-05-05 21:03:04', '2025-05-05 18:00:24'),
(531, 54, '2025-05-07', '07:55:00', '18:11:00', 'ontime', 'late', 616, '2025-05-06 18:57:28', '2025-05-06 21:24:15'),
(532, 54, '2025-05-08', '08:23:00', '17:23:00', 'late', 'late', 540, '2025-05-07 22:10:25', '2025-05-07 21:28:39'),
(533, 54, '2025-05-09', '08:31:00', '18:10:00', 'late', 'late', 579, '2025-05-09 03:08:52', '2025-05-09 00:45:51'),
(534, 54, '2025-05-10', '07:56:00', '18:17:00', 'ontime', 'late', 621, '2025-05-09 19:53:19', '2025-05-09 18:35:35'),
(535, 54, '2025-05-12', '08:03:00', '17:19:00', 'ontime', 'late', 556, '2025-05-12 01:07:45', '2025-05-11 20:24:35'),
(536, 54, '2025-05-13', '07:58:00', '17:06:00', 'ontime', 'late', 548, '2025-05-12 20:56:19', '2025-05-13 00:17:49'),
(537, 54, '2025-05-14', '08:18:00', '16:07:00', 'late', 'ontime', 469, '2025-05-13 18:24:49', '2025-05-13 21:29:37'),
(538, 54, '2025-05-15', '08:22:00', '17:42:00', 'late', 'late', 560, '2025-05-15 02:12:39', '2025-05-14 18:51:12'),
(539, 54, '2025-05-16', '08:37:00', '16:21:00', 'late', 'ontime', 464, '2025-05-15 23:08:24', '2025-05-16 00:48:34'),
(540, 54, '2025-05-17', '08:28:00', '15:47:00', 'late', 'early', 439, '2025-05-17 02:18:07', '2025-05-16 22:08:52'),
(541, 54, '2025-05-19', '08:28:00', '16:48:00', 'late', 'ontime', 500, '2025-05-18 19:08:20', '2025-05-18 21:45:20'),
(542, 54, '2025-05-20', '08:10:00', '15:53:00', 'ontime', 'early', 463, '2025-05-20 02:18:48', '2025-05-19 20:39:05'),
(543, 54, '2025-05-21', '08:15:00', '16:47:00', 'ontime', 'ontime', 512, '2025-05-21 01:38:58', '2025-05-20 21:16:49'),
(544, 54, '2025-05-22', '08:28:00', '17:04:00', 'late', 'late', 516, '2025-05-22 03:51:49', '2025-05-21 23:40:16'),
(545, 54, '2025-05-23', '08:21:00', '17:18:00', 'late', 'late', 537, '2025-05-22 20:40:54', '2025-05-23 02:29:10'),
(546, 54, '2025-05-24', '08:21:00', '17:59:00', 'late', 'late', 578, '2025-05-24 03:29:15', '2025-05-23 20:07:41'),
(547, 54, '2025-05-26', '08:29:00', '16:52:00', 'late', 'ontime', 503, '2025-05-26 01:03:38', '2025-05-26 03:08:26'),
(548, 54, '2025-05-27', '08:26:00', '17:54:00', 'late', 'late', 568, '2025-05-27 03:08:32', '2025-05-27 02:07:27'),
(549, 54, '2025-05-28', '08:15:00', '17:25:00', 'ontime', 'late', 550, '2025-05-28 02:27:32', '2025-05-28 03:32:54'),
(550, 54, '2025-05-29', '08:29:00', '16:17:00', 'late', 'ontime', 468, '2025-05-28 21:47:39', '2025-05-29 01:45:42'),
(551, 54, '2025-05-30', '08:44:00', '16:39:00', 'late', 'ontime', 475, '2025-05-30 02:35:55', '2025-05-29 21:27:07'),
(552, 54, '2025-05-31', '07:49:00', '17:39:00', 'ontime', 'late', 590, '2025-05-30 22:49:58', '2025-05-30 21:00:07'),
(553, 54, '2025-06-02', '08:27:00', '16:38:00', 'late', 'ontime', 491, '2025-06-01 19:59:53', '2025-06-02 00:54:40'),
(554, 54, '2025-06-03', '07:56:00', '17:28:00', 'ontime', 'late', 572, '2025-06-03 00:36:59', '2025-06-03 02:15:42'),
(555, 54, '2025-06-04', '08:40:00', '15:37:00', 'late', 'early', 417, '2025-06-03 18:41:32', '2025-06-03 19:34:37'),
(556, 54, '2025-06-05', '07:51:00', '18:19:00', 'ontime', 'late', 628, '2025-06-04 19:40:54', '2025-06-04 18:23:04'),
(557, 54, '2025-06-06', '07:55:00', '17:16:00', 'ontime', 'late', 561, '2025-06-05 19:25:06', '2025-06-05 21:59:42'),
(558, 54, '2025-06-07', '08:10:00', '17:17:00', 'ontime', 'late', 547, '2025-06-07 03:47:05', '2025-06-06 19:40:19'),
(559, 54, '2025-06-09', '08:25:00', '17:18:00', 'late', 'late', 533, '2025-06-08 18:51:33', '2025-06-09 00:25:59'),
(560, 54, '2025-06-10', '08:28:00', '17:27:00', 'late', 'late', 539, '2025-06-09 21:43:58', '2025-06-10 03:04:49'),
(561, 54, '2025-06-11', '07:45:00', '17:31:00', 'ontime', 'late', 586, '2025-06-10 20:18:13', '2025-06-10 18:50:12'),
(562, 54, '2025-06-12', '08:30:00', '17:14:00', 'late', 'late', 524, '2025-06-11 19:33:24', '2025-06-11 23:28:51'),
(563, 54, '2025-06-13', '08:14:00', '16:29:00', 'ontime', 'ontime', 495, '2025-06-13 01:35:28', '2025-06-12 19:54:25'),
(564, 54, '2025-06-14', '07:46:00', '16:12:00', 'ontime', 'ontime', 506, '2025-06-14 03:42:18', '2025-06-13 19:44:54'),
(565, 54, '2025-06-16', '08:25:00', '15:35:00', 'late', 'early', 430, '2025-06-15 22:15:50', '2025-06-15 20:28:05'),
(566, 54, '2025-06-17', '07:45:00', '15:57:00', 'ontime', 'early', 492, '2025-06-16 18:02:02', '2025-06-16 23:44:41'),
(567, 54, '2025-06-18', '08:22:00', '16:39:00', 'late', 'ontime', 497, '2025-06-17 20:43:03', '2025-06-17 20:49:21'),
(568, 54, '2025-06-19', '08:40:00', '17:30:00', 'late', 'late', 530, '2025-06-18 22:03:27', '2025-06-18 20:07:27'),
(569, 54, '2025-06-20', '07:53:00', '17:31:00', 'ontime', 'late', 578, '2025-06-19 19:15:14', '2025-06-20 02:25:56'),
(570, 54, '2025-06-21', '07:45:00', '18:18:00', 'ontime', 'late', 633, '2025-06-21 03:03:27', '2025-06-21 02:33:31'),
(571, 54, '2025-06-23', '08:40:00', '16:30:00', 'late', 'ontime', 470, '2025-06-23 00:22:17', '2025-06-22 18:17:02'),
(572, 54, '2025-06-24', '07:54:00', '18:15:00', 'ontime', 'late', 621, '2025-06-24 02:32:57', '2025-06-23 19:34:41'),
(573, 54, '2025-06-25', '08:23:00', '16:10:00', 'late', 'ontime', 467, '2025-06-25 02:25:08', '2025-06-24 20:53:55'),
(574, 54, '2025-06-26', '08:34:00', '17:40:00', 'late', 'late', 546, '2025-06-25 18:05:07', '2025-06-25 23:24:00'),
(575, 54, '2025-06-27', '08:14:00', '17:56:00', 'ontime', 'late', 582, '2025-06-26 22:29:31', '2025-06-26 18:41:10'),
(576, 54, '2025-06-28', '08:08:00', '15:47:00', 'ontime', 'early', 459, '2025-06-27 20:49:34', '2025-06-28 01:12:51'),
(577, 54, '2025-06-30', '07:53:00', '16:16:00', 'ontime', 'ontime', 503, '2025-06-29 23:59:54', '2025-06-29 20:01:30'),
(578, 54, '2025-07-01', '08:28:00', '16:52:00', 'late', 'ontime', 504, '2025-07-01 01:53:29', '2025-06-30 19:17:56'),
(579, 65, '2025-04-01', '08:08:00', '17:32:00', 'ontime', 'late', 564, '2025-03-31 19:39:48', '2025-03-31 22:45:56'),
(580, 65, '2025-04-02', '08:03:00', '15:31:00', 'ontime', 'early', 448, '2025-04-01 23:32:56', '2025-04-02 00:41:40'),
(581, 65, '2025-04-03', '08:35:00', '17:56:00', 'late', 'late', 561, '2025-04-03 03:03:24', '2025-04-02 21:28:08'),
(582, 65, '2025-04-04', '08:13:00', '17:31:00', 'ontime', 'late', 558, '2025-04-04 03:16:44', '2025-04-04 00:55:39'),
(583, 65, '2025-04-05', '08:08:00', '16:09:00', 'ontime', 'ontime', 481, '2025-04-04 18:58:26', '2025-04-04 21:46:17'),
(584, 65, '2025-04-07', '07:46:00', '15:56:00', 'ontime', 'early', 490, '2025-04-06 23:10:39', '2025-04-06 23:03:08'),
(585, 65, '2025-04-08', '07:57:00', '17:37:00', 'ontime', 'late', 580, '2025-04-07 19:24:35', '2025-04-07 23:11:29'),
(586, 65, '2025-04-09', '08:34:00', '16:56:00', 'late', 'ontime', 502, '2025-04-09 02:13:43', '2025-04-09 00:00:59'),
(587, 65, '2025-04-10', '08:37:00', '16:00:00', 'late', 'ontime', 443, '2025-04-10 02:23:47', '2025-04-10 00:36:27'),
(588, 65, '2025-04-11', '08:11:00', '16:56:00', 'ontime', 'ontime', 525, '2025-04-10 22:14:15', '2025-04-11 03:10:50'),
(589, 65, '2025-04-12', '08:04:00', '18:26:00', 'ontime', 'late', 622, '2025-04-11 23:32:05', '2025-04-11 22:01:27'),
(590, 65, '2025-04-14', '08:29:00', '16:58:00', 'late', 'ontime', 509, '2025-04-14 00:27:00', '2025-04-14 02:22:45'),
(591, 65, '2025-04-15', '07:49:00', '16:11:00', 'ontime', 'ontime', 502, '2025-04-14 22:54:11', '2025-04-14 18:14:38'),
(592, 65, '2025-04-16', '08:02:00', '15:38:00', 'ontime', 'early', 456, '2025-04-16 02:13:36', '2025-04-16 03:42:21'),
(593, 65, '2025-04-17', '08:06:00', '18:23:00', 'ontime', 'late', 617, '2025-04-16 21:13:57', '2025-04-16 22:45:38'),
(594, 65, '2025-04-18', '08:06:00', '15:59:00', 'ontime', 'early', 473, '2025-04-18 00:54:18', '2025-04-17 22:48:03'),
(595, 65, '2025-04-19', '07:51:00', '16:30:00', 'ontime', 'ontime', 519, '2025-04-18 18:07:16', '2025-04-19 01:51:37'),
(596, 65, '2025-04-21', '08:16:00', '15:41:00', 'late', 'early', 445, '2025-04-20 18:29:02', '2025-04-20 21:44:20'),
(597, 65, '2025-04-22', '08:00:00', '17:53:00', 'ontime', 'late', 593, '2025-04-22 00:37:18', '2025-04-21 21:55:24'),
(598, 65, '2025-04-23', '07:51:00', '16:38:00', 'ontime', 'ontime', 527, '2025-04-23 01:50:17', '2025-04-22 20:34:54'),
(599, 65, '2025-04-24', '08:29:00', '16:45:00', 'late', 'ontime', 496, '2025-04-23 23:08:29', '2025-04-23 21:05:33'),
(600, 65, '2025-04-25', '08:32:00', '16:18:00', 'late', 'ontime', 466, '2025-04-24 21:36:38', '2025-04-24 20:00:13'),
(601, 65, '2025-04-26', '08:01:00', '17:53:00', 'ontime', 'late', 592, '2025-04-25 18:23:49', '2025-04-26 00:12:17'),
(602, 65, '2025-04-28', '08:44:00', '18:09:00', 'late', 'late', 565, '2025-04-27 23:18:16', '2025-04-27 19:43:55'),
(603, 65, '2025-04-29', '08:00:00', '15:44:00', 'ontime', 'early', 464, '2025-04-28 20:37:55', '2025-04-28 22:26:24'),
(604, 65, '2025-04-30', '08:38:00', '17:24:00', 'late', 'late', 526, '2025-04-29 22:19:52', '2025-04-30 02:14:59'),
(605, 65, '2025-05-01', '08:05:00', '16:31:00', 'ontime', 'ontime', 506, '2025-05-01 00:37:18', '2025-05-01 01:11:37'),
(606, 65, '2025-05-02', '08:16:00', '16:16:00', 'late', 'ontime', 480, '2025-05-01 19:44:25', '2025-05-01 21:32:32'),
(607, 65, '2025-05-03', '08:16:00', '15:37:00', 'late', 'early', 441, '2025-05-03 00:19:19', '2025-05-03 01:41:04'),
(608, 65, '2025-05-05', '08:16:00', '17:13:00', 'late', 'late', 537, '2025-05-04 20:42:30', '2025-05-04 22:43:08'),
(609, 65, '2025-05-06', '08:10:00', '18:12:00', 'ontime', 'late', 602, '2025-05-06 03:54:17', '2025-05-05 18:46:53'),
(610, 65, '2025-05-07', '08:16:00', '15:41:00', 'late', 'early', 445, '2025-05-06 19:20:34', '2025-05-06 21:14:25'),
(611, 65, '2025-05-08', '08:05:00', '16:03:00', 'ontime', 'ontime', 478, '2025-05-07 20:26:58', '2025-05-07 20:50:20'),
(612, 65, '2025-05-09', '08:24:00', '18:27:00', 'late', 'late', 603, '2025-05-09 02:23:41', '2025-05-08 18:25:43'),
(613, 65, '2025-05-10', '08:05:00', '17:55:00', 'ontime', 'late', 590, '2025-05-09 23:55:15', '2025-05-09 18:58:00'),
(614, 65, '2025-05-12', '08:14:00', '18:26:00', 'ontime', 'late', 612, '2025-05-12 01:23:35', '2025-05-12 02:46:56'),
(615, 65, '2025-05-13', '07:48:00', '16:06:00', 'ontime', 'ontime', 498, '2025-05-12 20:31:24', '2025-05-13 03:58:36'),
(616, 65, '2025-05-14', '07:51:00', '17:22:00', 'ontime', 'late', 571, '2025-05-13 21:21:32', '2025-05-13 23:57:22'),
(617, 65, '2025-05-15', '08:33:00', '16:57:00', 'late', 'ontime', 504, '2025-05-14 18:32:38', '2025-05-14 20:37:42'),
(618, 65, '2025-05-16', '07:54:00', '15:44:00', 'ontime', 'early', 470, '2025-05-16 01:52:38', '2025-05-16 00:03:43'),
(619, 65, '2025-05-17', '08:37:00', '16:36:00', 'late', 'ontime', 479, '2025-05-16 20:09:37', '2025-05-16 20:18:51'),
(620, 65, '2025-05-19', '08:07:00', '16:03:00', 'ontime', 'ontime', 476, '2025-05-19 00:59:53', '2025-05-19 02:25:07'),
(621, 65, '2025-05-20', '08:18:00', '18:01:00', 'late', 'late', 583, '2025-05-19 18:28:34', '2025-05-19 20:25:46'),
(622, 65, '2025-05-21', '08:21:00', '17:31:00', 'late', 'late', 550, '2025-05-20 21:16:08', '2025-05-20 23:54:45'),
(623, 65, '2025-05-22', '08:19:00', '16:45:00', 'late', 'ontime', 506, '2025-05-21 22:20:49', '2025-05-21 19:30:48'),
(624, 65, '2025-05-23', '08:16:00', '17:03:00', 'late', 'late', 527, '2025-05-22 20:07:27', '2025-05-23 03:46:24'),
(625, 65, '2025-05-24', '08:22:00', '16:24:00', 'late', 'ontime', 482, '2025-05-23 21:04:10', '2025-05-24 02:09:47'),
(626, 65, '2025-05-26', '08:25:00', '17:59:00', 'late', 'late', 574, '2025-05-25 19:37:17', '2025-05-25 21:26:39'),
(627, 65, '2025-05-27', '08:40:00', '16:50:00', 'late', 'ontime', 490, '2025-05-26 20:54:27', '2025-05-27 00:53:10'),
(628, 65, '2025-05-28', '08:38:00', '16:47:00', 'late', 'ontime', 489, '2025-05-27 23:05:05', '2025-05-28 01:50:52'),
(629, 65, '2025-05-29', '08:27:00', '16:07:00', 'late', 'ontime', 460, '2025-05-28 18:38:51', '2025-05-28 18:40:46'),
(630, 65, '2025-05-30', '08:10:00', '17:46:00', 'ontime', 'late', 576, '2025-05-29 21:34:36', '2025-05-29 18:42:46'),
(631, 65, '2025-05-31', '07:59:00', '16:22:00', 'ontime', 'ontime', 503, '2025-05-30 21:41:16', '2025-05-31 02:06:20'),
(632, 65, '2025-06-02', '08:21:00', '16:22:00', 'late', 'ontime', 481, '2025-06-02 03:07:43', '2025-06-02 03:12:30'),
(633, 65, '2025-06-03', '08:36:00', '17:52:00', 'late', 'late', 556, '2025-06-02 22:02:55', '2025-06-02 20:05:42'),
(634, 65, '2025-06-04', '08:03:00', '17:59:00', 'ontime', 'late', 596, '2025-06-03 18:04:12', '2025-06-04 00:54:29'),
(635, 65, '2025-06-05', '08:37:00', '15:40:00', 'late', 'early', 423, '2025-06-05 00:27:25', '2025-06-04 23:27:31'),
(636, 65, '2025-06-06', '08:23:00', '17:38:00', 'late', 'late', 555, '2025-06-05 20:28:27', '2025-06-06 00:32:48'),
(637, 65, '2025-06-07', '08:13:00', '17:11:00', 'ontime', 'late', 538, '2025-06-06 20:14:16', '2025-06-07 03:53:04'),
(638, 65, '2025-06-09', '08:28:00', '16:24:00', 'late', 'ontime', 476, '2025-06-08 22:32:21', '2025-06-08 19:02:16'),
(639, 65, '2025-06-10', '07:51:00', '17:21:00', 'ontime', 'late', 570, '2025-06-09 22:03:59', '2025-06-10 01:10:56'),
(640, 65, '2025-06-11', '08:08:00', '18:13:00', 'ontime', 'late', 605, '2025-06-10 19:37:18', '2025-06-10 19:26:26'),
(641, 65, '2025-06-12', '08:18:00', '16:25:00', 'late', 'ontime', 487, '2025-06-11 19:56:58', '2025-06-11 22:16:22'),
(642, 65, '2025-06-13', '08:41:00', '17:41:00', 'late', 'late', 540, '2025-06-12 22:02:20', '2025-06-12 19:43:04'),
(643, 65, '2025-06-14', '07:52:00', '16:53:00', 'ontime', 'ontime', 541, '2025-06-13 22:50:28', '2025-06-13 18:49:48'),
(644, 65, '2025-06-16', '07:50:00', '17:37:00', 'ontime', 'late', 587, '2025-06-16 03:09:10', '2025-06-16 01:24:13'),
(645, 65, '2025-06-17', '08:42:00', '17:49:00', 'late', 'late', 547, '2025-06-17 00:44:25', '2025-06-17 03:43:04'),
(646, 65, '2025-06-18', '07:48:00', '17:47:00', 'ontime', 'late', 599, '2025-06-17 19:24:45', '2025-06-17 18:36:15'),
(647, 65, '2025-06-19', '07:53:00', '16:21:00', 'ontime', 'ontime', 508, '2025-06-19 00:52:07', '2025-06-19 02:12:07'),
(648, 65, '2025-06-20', '08:11:00', '17:18:00', 'ontime', 'late', 547, '2025-06-20 02:37:18', '2025-06-19 20:21:10'),
(649, 65, '2025-06-21', '07:55:00', '17:06:00', 'ontime', 'late', 551, '2025-06-20 22:35:01', '2025-06-21 01:43:38'),
(650, 65, '2025-06-23', '08:14:00', '18:27:00', 'ontime', 'late', 613, '2025-06-22 20:13:29', '2025-06-23 00:08:15'),
(651, 65, '2025-06-24', '07:50:00', '18:26:00', 'ontime', 'late', 636, '2025-06-23 19:54:36', '2025-06-23 19:36:00'),
(652, 65, '2025-06-25', '07:52:00', '15:36:00', 'ontime', 'early', 464, '2025-06-25 00:57:57', '2025-06-25 03:16:09'),
(653, 65, '2025-06-26', '07:55:00', '15:49:00', 'ontime', 'early', 474, '2025-06-25 23:44:07', '2025-06-25 22:46:08'),
(654, 65, '2025-06-27', '08:21:00', '18:01:00', 'late', 'late', 580, '2025-06-26 20:56:45', '2025-06-27 00:56:39'),
(655, 65, '2025-06-28', '08:06:00', '17:55:00', 'ontime', 'late', 589, '2025-06-28 03:17:01', '2025-06-27 22:29:41'),
(656, 65, '2025-06-30', '08:09:00', '16:58:00', 'ontime', 'ontime', 529, '2025-06-29 21:34:10', '2025-06-29 22:46:44'),
(657, 65, '2025-07-01', '08:01:00', '17:59:00', 'ontime', 'late', 598, '2025-07-01 03:21:04', '2025-06-30 21:15:56'),
(658, 67, '2025-04-01', '07:49:00', '15:39:00', 'ontime', 'early', 470, '2025-03-31 20:49:02', '2025-04-01 00:57:12'),
(659, 67, '2025-04-02', '08:24:00', '15:57:00', 'late', 'early', 453, '2025-04-02 00:36:11', '2025-04-02 03:48:04'),
(660, 67, '2025-04-03', '07:51:00', '15:34:00', 'ontime', 'early', 463, '2025-04-03 02:04:30', '2025-04-03 03:37:26'),
(661, 67, '2025-04-04', '08:07:00', '16:30:00', 'ontime', 'ontime', 503, '2025-04-03 22:01:21', '2025-04-04 03:30:54'),
(662, 67, '2025-04-05', '08:16:00', '15:40:00', 'late', 'early', 444, '2025-04-05 02:21:30', '2025-04-04 21:36:51'),
(663, 67, '2025-04-07', '08:20:00', '16:55:00', 'late', 'ontime', 515, '2025-04-06 21:28:28', '2025-04-06 18:27:25'),
(664, 67, '2025-04-08', '08:43:00', '18:22:00', 'late', 'late', 579, '2025-04-08 03:48:40', '2025-04-07 22:15:20'),
(665, 67, '2025-04-09', '07:57:00', '17:42:00', 'ontime', 'late', 585, '2025-04-08 18:03:30', '2025-04-09 02:30:26'),
(666, 67, '2025-04-10', '07:55:00', '18:16:00', 'ontime', 'late', 621, '2025-04-10 00:22:45', '2025-04-10 02:33:38'),
(667, 67, '2025-04-11', '07:59:00', '16:56:00', 'ontime', 'ontime', 537, '2025-04-11 00:33:39', '2025-04-11 00:36:02'),
(668, 67, '2025-04-12', '08:41:00', '16:11:00', 'late', 'ontime', 450, '2025-04-11 21:12:52', '2025-04-12 03:28:56'),
(669, 67, '2025-04-14', '08:23:00', '17:29:00', 'late', 'late', 546, '2025-04-14 02:22:46', '2025-04-13 20:45:28'),
(670, 67, '2025-04-15', '08:35:00', '16:16:00', 'late', 'ontime', 461, '2025-04-14 19:05:12', '2025-04-14 22:03:16'),
(671, 67, '2025-04-16', '07:59:00', '17:27:00', 'ontime', 'late', 568, '2025-04-15 19:31:50', '2025-04-15 20:47:26'),
(672, 67, '2025-04-17', '08:28:00', '16:53:00', 'late', 'ontime', 505, '2025-04-17 03:08:17', '2025-04-17 01:02:52'),
(673, 67, '2025-04-18', '08:02:00', '16:38:00', 'ontime', 'ontime', 516, '2025-04-17 21:44:05', '2025-04-17 20:31:33'),
(674, 67, '2025-04-19', '08:24:00', '15:46:00', 'late', 'early', 442, '2025-04-18 18:34:07', '2025-04-18 21:18:18'),
(675, 67, '2025-04-21', '07:56:00', '16:55:00', 'ontime', 'ontime', 539, '2025-04-21 03:13:14', '2025-04-20 23:39:22'),
(676, 67, '2025-04-22', '08:33:00', '16:46:00', 'late', 'ontime', 493, '2025-04-21 20:26:34', '2025-04-21 18:17:31'),
(677, 67, '2025-04-23', '07:47:00', '16:16:00', 'ontime', 'ontime', 509, '2025-04-22 22:12:01', '2025-04-22 23:27:06'),
(678, 67, '2025-04-24', '07:48:00', '17:24:00', 'ontime', 'late', 576, '2025-04-24 01:10:02', '2025-04-24 01:05:05'),
(679, 67, '2025-04-25', '08:29:00', '17:21:00', 'late', 'late', 532, '2025-04-24 18:24:43', '2025-04-24 21:36:57'),
(680, 67, '2025-04-26', '08:06:00', '17:05:00', 'ontime', 'late', 539, '2025-04-26 00:55:44', '2025-04-26 00:28:23'),
(681, 67, '2025-04-28', '08:09:00', '18:01:00', 'ontime', 'late', 592, '2025-04-28 00:37:54', '2025-04-27 23:34:01'),
(682, 67, '2025-04-29', '08:34:00', '18:08:00', 'late', 'late', 574, '2025-04-29 01:29:24', '2025-04-28 19:38:22'),
(683, 67, '2025-04-30', '07:55:00', '17:39:00', 'ontime', 'late', 584, '2025-04-29 23:58:07', '2025-04-30 03:33:12'),
(684, 67, '2025-05-01', '08:20:00', '15:56:00', 'late', 'early', 456, '2025-05-01 01:37:34', '2025-04-30 23:48:17'),
(685, 67, '2025-05-02', '07:48:00', '16:07:00', 'ontime', 'ontime', 499, '2025-05-02 01:36:14', '2025-05-02 00:23:23'),
(686, 67, '2025-05-03', '08:18:00', '18:04:00', 'late', 'late', 586, '2025-05-02 20:33:39', '2025-05-02 21:12:39'),
(687, 67, '2025-05-05', '08:17:00', '17:59:00', 'late', 'late', 582, '2025-05-04 21:19:30', '2025-05-04 18:34:17'),
(688, 67, '2025-05-06', '08:22:00', '15:37:00', 'late', 'early', 435, '2025-05-06 02:33:08', '2025-05-05 21:54:24'),
(689, 67, '2025-05-07', '07:46:00', '17:06:00', 'ontime', 'late', 560, '2025-05-06 18:37:38', '2025-05-07 02:58:38'),
(690, 67, '2025-05-08', '08:26:00', '16:19:00', 'late', 'ontime', 473, '2025-05-07 21:47:43', '2025-05-07 19:22:42'),
(691, 67, '2025-05-09', '07:53:00', '16:09:00', 'ontime', 'ontime', 496, '2025-05-09 03:52:21', '2025-05-09 00:35:42'),
(692, 67, '2025-05-10', '08:21:00', '16:09:00', 'late', 'ontime', 468, '2025-05-09 23:12:12', '2025-05-09 23:53:16'),
(693, 67, '2025-05-12', '08:10:00', '18:01:00', 'ontime', 'late', 591, '2025-05-11 18:02:35', '2025-05-11 18:12:37'),
(694, 67, '2025-05-13', '07:56:00', '16:47:00', 'ontime', 'ontime', 531, '2025-05-13 01:00:10', '2025-05-13 02:13:33'),
(695, 67, '2025-05-14', '07:58:00', '17:15:00', 'ontime', 'late', 557, '2025-05-13 23:55:02', '2025-05-14 03:02:51'),
(696, 67, '2025-05-15', '07:55:00', '17:02:00', 'ontime', 'late', 547, '2025-05-14 23:27:04', '2025-05-14 20:05:38'),
(697, 67, '2025-05-16', '07:52:00', '15:32:00', 'ontime', 'early', 460, '2025-05-16 00:41:06', '2025-05-15 22:56:07'),
(698, 67, '2025-05-17', '08:12:00', '16:14:00', 'ontime', 'ontime', 482, '2025-05-16 22:23:42', '2025-05-17 01:22:52'),
(699, 67, '2025-05-19', '07:51:00', '18:04:00', 'ontime', 'late', 613, '2025-05-18 20:38:33', '2025-05-18 19:48:15'),
(700, 67, '2025-05-20', '08:40:00', '18:19:00', 'late', 'late', 579, '2025-05-19 21:58:42', '2025-05-19 22:18:40'),
(701, 67, '2025-05-21', '08:07:00', '16:27:00', 'ontime', 'ontime', 500, '2025-05-20 18:27:03', '2025-05-20 19:35:38'),
(702, 67, '2025-05-22', '08:20:00', '17:34:00', 'late', 'late', 554, '2025-05-21 23:34:51', '2025-05-22 01:50:49'),
(703, 67, '2025-05-23', '08:10:00', '16:07:00', 'ontime', 'ontime', 477, '2025-05-23 01:41:17', '2025-05-23 01:58:17'),
(704, 67, '2025-05-24', '07:46:00', '18:20:00', 'ontime', 'late', 634, '2025-05-23 20:53:01', '2025-05-24 01:43:06'),
(705, 67, '2025-05-26', '08:38:00', '17:25:00', 'late', 'late', 527, '2025-05-25 20:26:56', '2025-05-25 22:24:20'),
(706, 67, '2025-05-27', '08:41:00', '17:57:00', 'late', 'late', 556, '2025-05-26 18:42:55', '2025-05-26 20:26:57'),
(707, 67, '2025-05-28', '07:51:00', '15:54:00', 'ontime', 'early', 483, '2025-05-27 21:07:08', '2025-05-27 22:40:56'),
(708, 67, '2025-05-29', '08:21:00', '17:16:00', 'late', 'late', 535, '2025-05-29 00:24:46', '2025-05-28 18:56:40'),
(709, 67, '2025-05-30', '08:34:00', '15:50:00', 'late', 'early', 436, '2025-05-29 21:58:56', '2025-05-29 23:41:41'),
(710, 67, '2025-05-31', '08:24:00', '16:09:00', 'late', 'ontime', 465, '2025-05-30 18:13:49', '2025-05-30 19:11:22'),
(711, 67, '2025-06-02', '08:41:00', '17:26:00', 'late', 'late', 525, '2025-06-02 00:51:12', '2025-06-02 02:00:17'),
(712, 67, '2025-06-03', '08:12:00', '17:14:00', 'ontime', 'late', 542, '2025-06-02 19:32:15', '2025-06-02 19:17:03'),
(713, 67, '2025-06-04', '08:06:00', '16:14:00', 'ontime', 'ontime', 488, '2025-06-03 23:55:16', '2025-06-03 20:23:58'),
(714, 67, '2025-06-05', '08:09:00', '16:56:00', 'ontime', 'ontime', 527, '2025-06-05 00:59:45', '2025-06-04 19:33:45'),
(715, 67, '2025-06-06', '08:14:00', '17:36:00', 'ontime', 'late', 562, '2025-06-05 22:51:49', '2025-06-06 01:03:18'),
(716, 67, '2025-06-07', '07:52:00', '15:54:00', 'ontime', 'early', 482, '2025-06-06 23:45:17', '2025-06-06 22:50:37'),
(717, 67, '2025-06-09', '08:00:00', '16:37:00', 'ontime', 'ontime', 517, '2025-06-08 22:36:14', '2025-06-08 22:23:59'),
(718, 67, '2025-06-10', '08:08:00', '15:31:00', 'ontime', 'early', 443, '2025-06-10 02:17:52', '2025-06-09 20:58:42'),
(719, 67, '2025-06-11', '08:32:00', '17:43:00', 'late', 'late', 551, '2025-06-10 18:51:21', '2025-06-10 21:23:05'),
(720, 67, '2025-06-12', '08:06:00', '15:41:00', 'ontime', 'early', 455, '2025-06-11 18:33:53', '2025-06-11 23:15:24'),
(721, 67, '2025-06-13', '08:32:00', '17:48:00', 'late', 'late', 556, '2025-06-12 22:55:25', '2025-06-12 21:48:20'),
(722, 67, '2025-06-14', '07:46:00', '15:40:00', 'ontime', 'early', 474, '2025-06-13 20:22:50', '2025-06-14 02:48:17'),
(723, 67, '2025-06-16', '07:50:00', '15:32:00', 'ontime', 'early', 462, '2025-06-15 20:26:18', '2025-06-15 19:00:46'),
(724, 67, '2025-06-17', '08:27:00', '17:35:00', 'late', 'late', 548, '2025-06-16 23:18:55', '2025-06-16 20:22:31'),
(725, 67, '2025-06-18', '07:59:00', '16:51:00', 'ontime', 'ontime', 532, '2025-06-18 02:26:55', '2025-06-18 03:32:04'),
(726, 67, '2025-06-19', '08:44:00', '18:11:00', 'late', 'late', 567, '2025-06-19 00:06:38', '2025-06-19 03:42:48'),
(727, 67, '2025-06-20', '08:24:00', '16:09:00', 'late', 'ontime', 465, '2025-06-19 20:08:03', '2025-06-19 22:14:19'),
(728, 67, '2025-06-21', '08:17:00', '18:28:00', 'late', 'late', 611, '2025-06-20 23:44:33', '2025-06-21 00:36:21'),
(729, 67, '2025-06-23', '08:01:00', '16:47:00', 'ontime', 'ontime', 526, '2025-06-23 00:57:22', '2025-06-22 18:32:57'),
(730, 67, '2025-06-24', '08:37:00', '16:49:00', 'late', 'ontime', 492, '2025-06-23 20:15:45', '2025-06-24 02:20:07'),
(731, 67, '2025-06-25', '08:11:00', '16:30:00', 'ontime', 'ontime', 499, '2025-06-24 23:14:55', '2025-06-24 21:05:09'),
(732, 67, '2025-06-26', '07:52:00', '16:19:00', 'ontime', 'ontime', 507, '2025-06-25 18:55:17', '2025-06-25 20:40:33'),
(733, 67, '2025-06-27', '08:18:00', '16:08:00', 'late', 'ontime', 470, '2025-06-27 03:43:14', '2025-06-26 19:10:28'),
(734, 67, '2025-06-28', '07:46:00', '18:19:00', 'ontime', 'late', 633, '2025-06-27 20:41:18', '2025-06-27 22:29:04'),
(735, 67, '2025-06-30', '08:43:00', '15:39:00', 'late', 'early', 416, '2025-06-30 01:18:15', '2025-06-29 21:33:33'),
(736, 67, '2025-07-01', '07:46:00', '17:57:00', 'ontime', 'late', 611, '2025-06-30 18:52:11', '2025-07-01 01:39:02'),
(737, 68, '2025-04-01', '07:56:00', '15:46:00', 'ontime', 'early', 470, '2025-04-01 01:21:23', '2025-04-01 00:48:33'),
(738, 68, '2025-04-02', '08:23:00', '18:17:00', 'late', 'late', 594, '2025-04-01 21:19:57', '2025-04-01 18:29:49'),
(739, 68, '2025-04-03', '08:40:00', '16:39:00', 'late', 'ontime', 479, '2025-04-03 02:39:59', '2025-04-03 02:21:06'),
(740, 68, '2025-04-04', '08:30:00', '16:05:00', 'late', 'ontime', 455, '2025-04-04 02:03:38', '2025-04-03 19:17:36'),
(741, 68, '2025-04-05', '08:29:00', '17:58:00', 'late', 'late', 569, '2025-04-05 01:41:17', '2025-04-04 22:48:12'),
(742, 68, '2025-04-07', '08:06:00', '16:20:00', 'ontime', 'ontime', 494, '2025-04-06 19:05:07', '2025-04-06 18:17:05'),
(743, 68, '2025-04-08', '07:45:00', '17:25:00', 'ontime', 'late', 580, '2025-04-08 02:05:32', '2025-04-08 03:01:48'),
(744, 68, '2025-04-09', '08:21:00', '15:49:00', 'late', 'early', 448, '2025-04-08 22:23:24', '2025-04-08 19:44:44'),
(745, 68, '2025-04-10', '07:54:00', '15:46:00', 'ontime', 'early', 472, '2025-04-10 03:41:46', '2025-04-09 18:51:40'),
(746, 68, '2025-04-11', '07:47:00', '16:24:00', 'ontime', 'ontime', 517, '2025-04-10 19:22:13', '2025-04-11 02:56:35'),
(747, 68, '2025-04-12', '08:30:00', '17:17:00', 'late', 'late', 527, '2025-04-11 19:17:04', '2025-04-12 02:03:46'),
(748, 68, '2025-04-14', '08:35:00', '18:03:00', 'late', 'late', 568, '2025-04-14 00:28:52', '2025-04-14 02:44:50'),
(749, 68, '2025-04-15', '08:25:00', '16:26:00', 'late', 'ontime', 481, '2025-04-15 03:52:34', '2025-04-14 23:15:05'),
(750, 68, '2025-04-16', '08:32:00', '17:18:00', 'late', 'late', 526, '2025-04-15 23:20:36', '2025-04-15 20:57:55'),
(751, 68, '2025-04-17', '08:09:00', '16:50:00', 'ontime', 'ontime', 521, '2025-04-17 02:46:09', '2025-04-16 22:27:00'),
(752, 68, '2025-04-18', '08:00:00', '18:02:00', 'ontime', 'late', 602, '2025-04-18 03:45:42', '2025-04-18 02:45:01'),
(753, 68, '2025-04-19', '08:17:00', '16:21:00', 'late', 'ontime', 484, '2025-04-18 23:22:44', '2025-04-19 03:40:28'),
(754, 68, '2025-04-21', '08:33:00', '16:06:00', 'late', 'ontime', 453, '2025-04-21 01:43:24', '2025-04-21 00:54:36'),
(755, 68, '2025-04-22', '08:04:00', '16:31:00', 'ontime', 'ontime', 507, '2025-04-21 19:47:43', '2025-04-22 02:52:34'),
(756, 68, '2025-04-23', '08:13:00', '17:55:00', 'ontime', 'late', 582, '2025-04-22 19:35:52', '2025-04-23 03:36:59'),
(757, 68, '2025-04-24', '08:17:00', '16:29:00', 'late', 'ontime', 492, '2025-04-23 22:27:17', '2025-04-23 20:15:26'),
(758, 68, '2025-04-25', '08:13:00', '17:16:00', 'ontime', 'late', 543, '2025-04-24 20:36:54', '2025-04-24 22:04:24'),
(759, 68, '2025-04-26', '07:58:00', '15:44:00', 'ontime', 'early', 466, '2025-04-26 01:22:35', '2025-04-25 22:32:59'),
(760, 68, '2025-04-28', '08:41:00', '17:41:00', 'late', 'late', 540, '2025-04-27 22:54:41', '2025-04-27 18:13:35'),
(761, 68, '2025-04-29', '08:03:00', '16:40:00', 'ontime', 'ontime', 517, '2025-04-29 03:09:55', '2025-04-29 03:20:51'),
(762, 68, '2025-04-30', '08:12:00', '16:51:00', 'ontime', 'ontime', 519, '2025-04-29 22:16:56', '2025-04-29 22:05:43'),
(763, 68, '2025-05-01', '08:43:00', '15:34:00', 'late', 'early', 411, '2025-05-01 02:00:20', '2025-04-30 20:27:56'),
(764, 68, '2025-05-02', '08:35:00', '18:02:00', 'late', 'late', 567, '2025-05-01 19:17:12', '2025-05-01 19:50:49'),
(765, 68, '2025-05-03', '08:20:00', '15:47:00', 'late', 'early', 447, '2025-05-03 03:14:19', '2025-05-03 03:54:45'),
(766, 68, '2025-05-05', '08:27:00', '16:24:00', 'late', 'ontime', 477, '2025-05-04 21:47:55', '2025-05-05 00:18:10'),
(767, 68, '2025-05-06', '08:33:00', '16:18:00', 'late', 'ontime', 465, '2025-05-05 20:32:28', '2025-05-05 20:18:12'),
(768, 68, '2025-05-07', '07:56:00', '16:48:00', 'ontime', 'ontime', 532, '2025-05-06 20:09:58', '2025-05-07 02:39:49'),
(769, 68, '2025-05-08', '08:24:00', '15:31:00', 'late', 'early', 427, '2025-05-08 01:57:11', '2025-05-08 02:24:08'),
(770, 68, '2025-05-09', '08:08:00', '17:30:00', 'ontime', 'late', 562, '2025-05-09 00:57:28', '2025-05-08 18:45:04'),
(771, 68, '2025-05-10', '08:22:00', '16:26:00', 'late', 'ontime', 484, '2025-05-10 03:05:51', '2025-05-09 23:20:48'),
(772, 68, '2025-05-12', '08:25:00', '16:59:00', 'late', 'ontime', 514, '2025-05-12 03:17:45', '2025-05-11 22:30:44'),
(773, 68, '2025-05-13', '08:19:00', '17:38:00', 'late', 'late', 559, '2025-05-12 20:05:26', '2025-05-12 18:12:03'),
(774, 68, '2025-05-14', '08:22:00', '17:34:00', 'late', 'late', 552, '2025-05-14 02:15:44', '2025-05-14 03:35:33'),
(775, 68, '2025-05-15', '08:18:00', '18:00:00', 'late', 'ontime', 582, '2025-05-14 20:01:54', '2025-05-15 02:36:22'),
(776, 68, '2025-05-16', '08:38:00', '16:01:00', 'late', 'ontime', 443, '2025-05-16 01:44:59', '2025-05-16 03:52:33'),
(777, 68, '2025-05-17', '08:42:00', '16:26:00', 'late', 'ontime', 464, '2025-05-16 23:58:35', '2025-05-17 02:31:15'),
(778, 68, '2025-05-19', '07:47:00', '16:09:00', 'ontime', 'ontime', 502, '2025-05-18 19:32:30', '2025-05-19 03:31:34'),
(779, 68, '2025-05-20', '08:06:00', '16:19:00', 'ontime', 'ontime', 493, '2025-05-19 19:34:49', '2025-05-19 20:01:57'),
(780, 68, '2025-05-21', '07:58:00', '16:35:00', 'ontime', 'ontime', 517, '2025-05-20 20:03:13', '2025-05-20 22:19:52'),
(781, 68, '2025-05-22', '07:47:00', '15:35:00', 'ontime', 'early', 468, '2025-05-22 02:46:26', '2025-05-22 02:38:46'),
(782, 68, '2025-05-23', '08:37:00', '17:36:00', 'late', 'late', 539, '2025-05-22 23:32:20', '2025-05-22 22:11:26'),
(783, 68, '2025-05-24', '07:47:00', '17:24:00', 'ontime', 'late', 577, '2025-05-23 22:21:15', '2025-05-23 19:37:54'),
(784, 68, '2025-05-26', '07:47:00', '17:26:00', 'ontime', 'late', 579, '2025-05-25 18:11:53', '2025-05-25 18:03:32'),
(785, 68, '2025-05-27', '08:12:00', '17:13:00', 'ontime', 'late', 541, '2025-05-26 22:27:27', '2025-05-27 00:46:15'),
(786, 68, '2025-05-28', '08:38:00', '15:54:00', 'late', 'early', 436, '2025-05-28 02:39:29', '2025-05-27 23:31:22'),
(787, 68, '2025-05-29', '08:23:00', '16:47:00', 'late', 'ontime', 504, '2025-05-28 23:07:37', '2025-05-28 18:52:26'),
(788, 68, '2025-05-30', '08:31:00', '18:28:00', 'late', 'late', 597, '2025-05-30 03:24:04', '2025-05-30 00:43:27'),
(789, 68, '2025-05-31', '08:02:00', '16:57:00', 'ontime', 'ontime', 535, '2025-05-30 21:42:42', '2025-05-31 03:33:50'),
(790, 68, '2025-06-02', '08:33:00', '15:36:00', 'late', 'early', 423, '2025-06-01 20:15:41', '2025-06-01 23:48:10'),
(791, 68, '2025-06-03', '08:25:00', '16:10:00', 'late', 'ontime', 465, '2025-06-03 03:56:38', '2025-06-02 21:40:19'),
(792, 68, '2025-06-04', '08:21:00', '17:05:00', 'late', 'late', 524, '2025-06-03 20:02:17', '2025-06-03 18:22:42'),
(793, 68, '2025-06-05', '08:16:00', '16:17:00', 'late', 'ontime', 481, '2025-06-05 03:39:20', '2025-06-05 01:45:54'),
(794, 68, '2025-06-06', '08:00:00', '18:09:00', 'ontime', 'late', 609, '2025-06-06 00:14:40', '2025-06-06 02:54:32'),
(795, 68, '2025-06-07', '07:51:00', '17:14:00', 'ontime', 'late', 563, '2025-06-07 02:15:11', '2025-06-07 01:20:39'),
(796, 68, '2025-06-09', '08:22:00', '15:47:00', 'late', 'early', 445, '2025-06-09 03:44:53', '2025-06-08 21:14:46'),
(797, 68, '2025-06-10', '08:41:00', '16:14:00', 'late', 'ontime', 453, '2025-06-09 18:12:05', '2025-06-10 00:25:09'),
(798, 68, '2025-06-11', '08:14:00', '17:48:00', 'ontime', 'late', 574, '2025-06-10 20:07:52', '2025-06-10 21:04:20'),
(799, 68, '2025-06-12', '08:14:00', '15:40:00', 'ontime', 'early', 446, '2025-06-12 00:11:35', '2025-06-11 22:51:49'),
(800, 68, '2025-06-13', '07:59:00', '18:07:00', 'ontime', 'late', 608, '2025-06-12 22:22:39', '2025-06-13 02:04:24'),
(801, 68, '2025-06-14', '07:48:00', '17:16:00', 'ontime', 'late', 568, '2025-06-13 19:45:14', '2025-06-14 00:59:20'),
(802, 68, '2025-06-16', '08:18:00', '18:25:00', 'late', 'late', 607, '2025-06-15 20:09:44', '2025-06-15 22:31:49'),
(803, 68, '2025-06-17', '07:45:00', '17:38:00', 'ontime', 'late', 593, '2025-06-17 01:06:26', '2025-06-16 23:00:09'),
(804, 68, '2025-06-18', '07:48:00', '16:06:00', 'ontime', 'ontime', 498, '2025-06-17 20:53:47', '2025-06-17 18:58:10'),
(805, 68, '2025-06-19', '08:14:00', '16:50:00', 'ontime', 'ontime', 516, '2025-06-19 00:19:41', '2025-06-18 22:27:14'),
(806, 68, '2025-06-20', '08:26:00', '16:10:00', 'late', 'ontime', 464, '2025-06-20 00:08:18', '2025-06-19 18:19:35'),
(807, 68, '2025-06-21', '08:02:00', '15:50:00', 'ontime', 'early', 468, '2025-06-20 18:10:52', '2025-06-21 02:43:24'),
(808, 68, '2025-06-23', '07:54:00', '18:08:00', 'ontime', 'late', 614, '2025-06-23 00:55:20', '2025-06-22 20:09:56'),
(809, 68, '2025-06-24', '08:02:00', '18:06:00', 'ontime', 'late', 604, '2025-06-24 00:48:39', '2025-06-23 22:26:30'),
(810, 68, '2025-06-25', '08:23:00', '17:44:00', 'late', 'late', 561, '2025-06-24 20:55:19', '2025-06-24 22:18:34'),
(811, 68, '2025-06-26', '07:47:00', '16:25:00', 'ontime', 'ontime', 518, '2025-06-25 23:21:33', '2025-06-26 02:31:26'),
(812, 68, '2025-06-27', '07:56:00', '16:45:00', 'ontime', 'ontime', 529, '2025-06-26 23:18:28', '2025-06-26 20:00:50'),
(813, 68, '2025-06-28', '08:43:00', '16:52:00', 'late', 'ontime', 489, '2025-06-28 01:10:12', '2025-06-28 00:00:56'),
(814, 68, '2025-06-30', '08:27:00', '17:38:00', 'late', 'late', 551, '2025-06-29 23:13:22', '2025-06-29 23:52:21'),
(815, 68, '2025-07-01', '08:26:00', '16:08:00', 'late', 'ontime', 462, '2025-06-30 22:34:29', '2025-07-01 00:00:32');

-- --------------------------------------------------------

--
-- Table structure for table `cache`
--

CREATE TABLE `cache` (
  `key` varchar(255) CHARACTER SET utf8mb4 COLLATE utf8mb4_unicode_ci NOT NULL,
  `value` mediumtext CHARACTER SET utf8mb4 COLLATE utf8mb4_unicode_ci NOT NULL,
  `expiration` int NOT NULL
) ENGINE=InnoDB DEFAULT CHARSET=utf8mb4 COLLATE=utf8mb4_unicode_ci;

-- --------------------------------------------------------

--
-- Table structure for table `cache_locks`
--

CREATE TABLE `cache_locks` (
  `key` varchar(255) CHARACTER SET utf8mb4 COLLATE utf8mb4_unicode_ci NOT NULL,
  `owner` varchar(255) CHARACTER SET utf8mb4 COLLATE utf8mb4_unicode_ci NOT NULL,
  `expiration` int NOT NULL
) ENGINE=InnoDB DEFAULT CHARSET=utf8mb4 COLLATE=utf8mb4_unicode_ci;

-- --------------------------------------------------------

--
-- Table structure for table `employees`
--

CREATE TABLE `employees` (
  `id` bigint UNSIGNED NOT NULL,
  `position_id` bigint UNSIGNED DEFAULT NULL,
  `employee_code` varchar(255) CHARACTER SET utf8mb4 COLLATE utf8mb4_unicode_ci NOT NULL,
  `full_name` varchar(255) CHARACTER SET utf8mb4 COLLATE utf8mb4_unicode_ci NOT NULL,
  `email` varchar(255) CHARACTER SET utf8mb4 COLLATE utf8mb4_unicode_ci NOT NULL,
  `phone` varchar(255) CHARACTER SET utf8mb4 COLLATE utf8mb4_unicode_ci DEFAULT NULL,
  `gender` enum('M','F') CHARACTER SET utf8mb4 COLLATE utf8mb4_unicode_ci NOT NULL,
  `join_date` date NOT NULL,
  `status` enum('active','inactive') CHARACTER SET utf8mb4 COLLATE utf8mb4_unicode_ci NOT NULL DEFAULT 'active',
  `has_account` tinyint(1) NOT NULL DEFAULT '0',
  `time_off_quota` int NOT NULL DEFAULT '12',
  `time_off_used` int NOT NULL DEFAULT '0',
  `time_off_remaining` int NOT NULL DEFAULT '12',
  `created_at` timestamp NULL DEFAULT NULL,
  `updated_at` timestamp NULL DEFAULT NULL
) ENGINE=InnoDB DEFAULT CHARSET=utf8mb4 COLLATE=utf8mb4_unicode_ci;

--
-- Dumping data for table `employees`
--

INSERT INTO `employees` (`id`, `position_id`, `employee_code`, `full_name`, `email`, `phone`, `gender`, `join_date`, `status`, `has_account`, `time_off_quota`, `time_off_used`, `time_off_remaining`, `created_at`, `updated_at`) VALUES
(54, 19, 'EMP-202505276139', 'Kinanti Mastutik', 'kinantimastutik12@gmail.com', '088787652374', 'F', '2025-03-03', 'active', 1, 12, 5, 7, '2025-05-26 21:31:28', '2025-06-04 06:22:54'),
(65, 18, 'EMP-202505277447', 'Herman Wijaya', 'hermanwijaya@gmail.com', '08891112656', 'M', '2025-04-09', 'active', 1, 12, 0, 12, '2025-05-26 21:43:21', '2025-06-04 06:21:03'),
(67, 19, 'EMP-202505276487', 'Bagas Praduga', 'bagasbagas87@gmail.com', '088998765576', 'M', '2025-04-10', 'active', 1, 12, 4, 8, '2025-05-26 21:44:59', '2025-06-18 11:19:35'),
(68, 18, 'EMP-202505277403', 'Andreas Al Andreas', 'andreas123@gmail.com', '08887877644666', 'M', '2025-04-09', 'active', 1, 12, 8, 4, '2025-05-26 21:46:09', '2025-06-06 21:40:23');

-- --------------------------------------------------------

--
-- Table structure for table `failed_jobs`
--

CREATE TABLE `failed_jobs` (
  `id` bigint UNSIGNED NOT NULL,
  `uuid` varchar(255) CHARACTER SET utf8mb4 COLLATE utf8mb4_unicode_ci NOT NULL,
  `connection` text CHARACTER SET utf8mb4 COLLATE utf8mb4_unicode_ci NOT NULL,
  `queue` text CHARACTER SET utf8mb4 COLLATE utf8mb4_unicode_ci NOT NULL,
  `payload` longtext CHARACTER SET utf8mb4 COLLATE utf8mb4_unicode_ci NOT NULL,
  `exception` longtext CHARACTER SET utf8mb4 COLLATE utf8mb4_unicode_ci NOT NULL,
  `failed_at` timestamp NOT NULL DEFAULT CURRENT_TIMESTAMP
) ENGINE=InnoDB DEFAULT CHARSET=utf8mb4 COLLATE=utf8mb4_unicode_ci;

-- --------------------------------------------------------

--
-- Table structure for table `jobs`
--

CREATE TABLE `jobs` (
  `id` bigint UNSIGNED NOT NULL,
  `queue` varchar(255) CHARACTER SET utf8mb4 COLLATE utf8mb4_unicode_ci NOT NULL,
  `payload` longtext CHARACTER SET utf8mb4 COLLATE utf8mb4_unicode_ci NOT NULL,
  `attempts` tinyint UNSIGNED NOT NULL,
  `reserved_at` int UNSIGNED DEFAULT NULL,
  `available_at` int UNSIGNED NOT NULL,
  `created_at` int UNSIGNED NOT NULL
) ENGINE=InnoDB DEFAULT CHARSET=utf8mb4 COLLATE=utf8mb4_unicode_ci;

-- --------------------------------------------------------

--
-- Table structure for table `job_batches`
--

CREATE TABLE `job_batches` (
  `id` varchar(255) CHARACTER SET utf8mb4 COLLATE utf8mb4_unicode_ci NOT NULL,
  `name` varchar(255) CHARACTER SET utf8mb4 COLLATE utf8mb4_unicode_ci NOT NULL,
  `total_jobs` int NOT NULL,
  `pending_jobs` int NOT NULL,
  `failed_jobs` int NOT NULL,
  `failed_job_ids` longtext CHARACTER SET utf8mb4 COLLATE utf8mb4_unicode_ci NOT NULL,
  `options` mediumtext CHARACTER SET utf8mb4 COLLATE utf8mb4_unicode_ci,
  `cancelled_at` int DEFAULT NULL,
  `created_at` int NOT NULL,
  `finished_at` int DEFAULT NULL
) ENGINE=InnoDB DEFAULT CHARSET=utf8mb4 COLLATE=utf8mb4_unicode_ci;

-- --------------------------------------------------------

--
-- Table structure for table `migrations`
--

CREATE TABLE `migrations` (
  `id` int UNSIGNED NOT NULL,
  `migration` varchar(255) CHARACTER SET utf8mb4 COLLATE utf8mb4_unicode_ci NOT NULL,
  `batch` int NOT NULL
) ENGINE=InnoDB DEFAULT CHARSET=utf8mb4 COLLATE=utf8mb4_unicode_ci;

--
-- Dumping data for table `migrations`
--

INSERT INTO `migrations` (`id`, `migration`, `batch`) VALUES
(1, '0001_01_01_000000_create_all_emma_tables', 1),
(2, '0001_01_01_000001_create_cache_table', 1),
(3, '0001_01_01_000002_create_jobs_table', 1),
(4, '2025_05_10_113033_update_attendances_add_clock_out_status_and_rename_status', 2),
(5, '2025_05_13_104032_update_clock_out_status_in_attendances_table', 3),
(6, '2025_05_15_020454_add_cooldown_until_to_users_table', 4),
(7, '2025_05_19_042048_update_has_account_in_employee_table', 5),
(8, '2025_05_20_034816_add_work_duration_to_attendances_table', 6),
(9, '2025_05_20_040150_update_work_duration_type_in_attendances_table', 7),
(10, '2025_05_22_024042_add_time_off_columns_to_employees_table', 8),
(12, '2025_05_24_022019_create_positions_table_and_add_position_id_to_employees', 9),
(13, '2025_05_24_071929_update_positions_table_status_and_timestamps', 9),
(14, '2025_05_27_023939_drop_position_column_from_employees_table', 10),
(15, '2025_06_01_073139_update_salary_settings_add_position_id', 11),
(16, '2025_06_02_030650_remove_deduction_and_bonus_from_salary_settings_table', 12),
(17, '2025_06_02_045145_rename_basic_salary_column_in_salary_settings_table', 13),
(18, '2025_06_03_033529_change_salary_month_and_delete_basuc_salary_on_salaries_table', 14),
(19, '2025_06_04_115605_add_overtime_multiplier_and_standard_monthly_minutes_to_positions_table', 15),
(20, '2025_06_04_120816_rename_standard_monthly_minutes_into_standard_monthly_hours_in_positions_table', 16),
(21, '2025_06_05_040509_add_year_to_salaries_table', 17),
(22, '2025_06_16_063211_create_weekly_holidays_table', 18),
(23, '2025_06_19_193825_add_hour_and_absent_deduction_to_salaries_table', 19);

-- --------------------------------------------------------

--
-- Table structure for table `positions`
--

CREATE TABLE `positions` (
  `id` bigint UNSIGNED NOT NULL,
  `position_name` varchar(255) CHARACTER SET utf8mb4 COLLATE utf8mb4_unicode_ci NOT NULL,
  `description` text CHARACTER SET utf8mb4 COLLATE utf8mb4_unicode_ci,
  `hourly_rate` decimal(10,2) DEFAULT NULL,
  `overtime_multiplier` decimal(5,2) NOT NULL,
  `standard_monthly_hours` int NOT NULL,
  `annual_salary_increase` decimal(10,2) DEFAULT NULL,
  `base_salary` decimal(10,2) DEFAULT NULL,
  `status` enum('active','inactive') CHARACTER SET utf8mb4 COLLATE utf8mb4_unicode_ci NOT NULL DEFAULT 'active',
  `created_at` timestamp NOT NULL DEFAULT CURRENT_TIMESTAMP,
  `updated_at` timestamp NOT NULL DEFAULT CURRENT_TIMESTAMP ON UPDATE CURRENT_TIMESTAMP
) ENGINE=InnoDB DEFAULT CHARSET=utf8mb4 COLLATE=utf8mb4_unicode_ci;

--
-- Dumping data for table `positions`
--

INSERT INTO `positions` (`id`, `position_name`, `description`, `hourly_rate`, `overtime_multiplier`, `standard_monthly_hours`, `annual_salary_increase`, `base_salary`, `status`, `created_at`, `updated_at`) VALUES
(17, 'UI/UX Design', 'Merancang layout yang interaktif, estetis, dan mudah digunakan, dengan mengutamakan kenyamanan serta pengalaman pengguna yang optimal.', 25000.00, 1.50, 180, 9.00, 4500000.00, 'active', '2025-06-04 06:16:06', '2025-06-04 06:16:06'),
(18, 'Fullstack Web Developer', 'Membuat sebuah website agar berfungsi dengan benar, baik dari segi visual maupun fitur menggunakan teknologi yang dibutuhkan.', 37500.00, 1.50, 200, 12.00, 7500000.00, 'active', '2025-06-04 06:18:05', '2025-06-04 06:18:05'),
(19, 'Frontend Web Developer', 'Slicing design website yang sudah dibuat oleh tim UI/UX.', 28888.89, 1.50, 180, 10.00, 5200000.00, 'active', '2025-06-04 06:21:54', '2025-06-04 06:21:54');

-- --------------------------------------------------------

--
-- Table structure for table `salaries`
--

CREATE TABLE `salaries` (
  `id` bigint UNSIGNED NOT NULL,
  `employee_id` bigint UNSIGNED NOT NULL,
  `salary_setting_id` bigint UNSIGNED NOT NULL,
  `year` year NOT NULL,
  `month` varchar(255) CHARACTER SET utf8mb4 COLLATE utf8mb4_unicode_ci NOT NULL,
  `hour_deduction` decimal(15,2) NOT NULL,
  `absent_deduction` decimal(15,2) NOT NULL,
  `deduction` decimal(15,2) NOT NULL,
  `bonus` decimal(15,2) NOT NULL,
  `total_salary` decimal(15,2) NOT NULL,
  `payment_date` date DEFAULT NULL,
  `created_at` timestamp NULL DEFAULT NULL,
  `updated_at` timestamp NULL DEFAULT NULL
) ENGINE=InnoDB DEFAULT CHARSET=utf8mb4 COLLATE=utf8mb4_unicode_ci;

--
-- Dumping data for table `salaries`
--

INSERT INTO `salaries` (`id`, `employee_id`, `salary_setting_id`, `year`, `month`, `hour_deduction`, `absent_deduction`, `deduction`, `bonus`, `total_salary`, `payment_date`, `created_at`, `updated_at`) VALUES
(61, 54, 18, '2025', '4', 0.00, 0.00, 0.00, 2392000.00, 7692000.00, '2025-07-01', '2025-07-01 15:36:23', '2025-07-01 15:36:23'),
(62, 65, 19, '2025', '4', 0.00, 0.00, 0.00, 1428750.00, 9028750.00, '2025-07-01', '2025-07-01 15:37:27', '2025-07-01 15:37:27'),
(63, 67, 16, '2025', '4', 0.00, 0.00, 0.00, 2019333.00, 7319333.00, '2025-07-01', '2025-07-01 15:37:40', '2025-07-01 15:37:40'),
(64, 68, 17, '2025', '4', 0.00, 0.00, 0.00, 1318125.00, 9118125.00, '2025-07-01', '2025-07-01 15:37:56', '2025-07-01 15:37:56');

-- --------------------------------------------------------

--
-- Table structure for table `salary_settings`
--

CREATE TABLE `salary_settings` (
  `id` bigint UNSIGNED NOT NULL,
  `employee_id` bigint UNSIGNED NOT NULL,
  `position_id` bigint UNSIGNED DEFAULT NULL,
  `default_salary` decimal(15,2) NOT NULL,
  `effective_date` date NOT NULL,
  `created_at` timestamp NULL DEFAULT NULL,
  `updated_at` timestamp NULL DEFAULT NULL
) ENGINE=InnoDB DEFAULT CHARSET=utf8mb4 COLLATE=utf8mb4_unicode_ci;

--
-- Dumping data for table `salary_settings`
--

INSERT INTO `salary_settings` (`id`, `employee_id`, `position_id`, `default_salary`, `effective_date`, `created_at`, `updated_at`) VALUES
(16, 67, 19, 5300000.00, '2025-06-04', '2025-06-04 06:24:56', '2025-06-04 06:24:56'),
(17, 68, 19, 7800000.00, '2025-06-04', '2025-06-04 06:25:18', '2025-06-04 06:25:18'),
(18, 54, 19, 5300000.00, '2025-06-04', '2025-06-04 06:25:40', '2025-06-04 06:25:40'),
(19, 65, 19, 7600000.00, '2025-06-04', '2025-06-04 06:26:27', '2025-06-04 06:26:27');

-- --------------------------------------------------------

--
-- Table structure for table `sessions`
--

CREATE TABLE `sessions` (
  `id` varchar(255) CHARACTER SET utf8mb4 COLLATE utf8mb4_unicode_ci NOT NULL,
  `user_id` bigint UNSIGNED DEFAULT NULL,
  `ip_address` varchar(45) CHARACTER SET utf8mb4 COLLATE utf8mb4_unicode_ci DEFAULT NULL,
  `user_agent` text CHARACTER SET utf8mb4 COLLATE utf8mb4_unicode_ci,
  `payload` longtext CHARACTER SET utf8mb4 COLLATE utf8mb4_unicode_ci NOT NULL,
  `last_activity` int NOT NULL
) ENGINE=InnoDB DEFAULT CHARSET=utf8mb4 COLLATE=utf8mb4_unicode_ci;

--
-- Dumping data for table `sessions`
--

INSERT INTO `sessions` (`id`, `user_id`, `ip_address`, `user_agent`, `payload`, `last_activity`) VALUES
('fNOMpa4LitFwgsbcgEjOzRC85X1CK6v43S0VvQtU', 32, '127.0.0.1', 'Mozilla/5.0 (X11; Ubuntu; Linux x86_64; rv:135.0) Gecko/20100101 Firefox/135.0', 'YTo0OntzOjY6Il90b2tlbiI7czo0MDoiQ0h1dk5QemtPaG9CNG5Ib00zRzJEVlRQZ0RBRmRUUVVqZzQ2OGVINCI7czo5OiJfcHJldmlvdXMiO2E6MTp7czozOiJ1cmwiO3M6MzA6Imh0dHA6Ly9sb2NhbGhvc3Q6ODAwMC90aW1lLW9mZiI7fXM6NjoiX2ZsYXNoIjthOjI6e3M6Mzoib2xkIjthOjA6e31zOjM6Im5ldyI7YTowOnt9fXM6NTA6ImxvZ2luX3dlYl81OWJhMzZhZGRjMmIyZjk0MDE1ODBmMDE0YzdmNThlYTRlMzA5ODlkIjtpOjMyO30=', 1751421169);

-- --------------------------------------------------------

--
-- Table structure for table `time_off_requests`
--

CREATE TABLE `time_off_requests` (
  `id` bigint UNSIGNED NOT NULL,
  `employee_id` bigint UNSIGNED NOT NULL,
  `request_date` date NOT NULL,
  `start_date` date NOT NULL,
  `end_date` date NOT NULL,
  `reason` text CHARACTER SET utf8mb4 COLLATE utf8mb4_unicode_ci,
  `status` enum('pending','approved','rejected') CHARACTER SET utf8mb4 COLLATE utf8mb4_unicode_ci NOT NULL DEFAULT 'pending',
  `created_at` timestamp NULL DEFAULT NULL,
  `updated_at` timestamp NULL DEFAULT NULL
) ENGINE=InnoDB DEFAULT CHARSET=utf8mb4 COLLATE=utf8mb4_unicode_ci;

--
-- Dumping data for table `time_off_requests`
--

INSERT INTO `time_off_requests` (`id`, `employee_id`, `request_date`, `start_date`, `end_date`, `reason`, `status`, `created_at`, `updated_at`) VALUES
(48, 54, '2025-05-27', '2025-06-09', '2025-06-13', 'acara keluarga', 'approved', '2025-05-26 22:02:52', '2025-05-26 23:34:12'),
(52, 68, '2025-05-31', '2025-06-02', '2025-06-09', 'acara keluarga', 'approved', '2025-05-31 04:24:52', '2025-05-31 04:37:12'),
(53, 68, '2025-05-31', '2025-07-01', '2025-07-04', 'sssss', 'rejected', '2025-05-31 04:39:35', '2025-06-01 00:14:06'),
(54, 68, '2025-06-04', '2025-06-05', '2025-06-06', 'jhghj', 'rejected', '2025-06-03 21:00:54', '2025-06-18 11:18:09'),
(55, 54, '2025-06-05', '2025-06-05', '2025-06-09', 'qwqw', 'rejected', '2025-06-05 00:51:25', '2025-06-18 11:18:13'),
(56, 67, '2025-06-18', '2025-06-17', '2025-06-20', 'p', 'approved', '2025-06-18 11:18:53', '2025-06-18 11:19:35');

-- --------------------------------------------------------

--
-- Table structure for table `users`
--

CREATE TABLE `users` (
  `id` bigint UNSIGNED NOT NULL,
  `employee_id` bigint UNSIGNED DEFAULT NULL,
  `username` varchar(255) CHARACTER SET utf8mb4 COLLATE utf8mb4_unicode_ci NOT NULL,
  `password` varchar(255) CHARACTER SET utf8mb4 COLLATE utf8mb4_unicode_ci NOT NULL,
  `role` enum('admin','employee') CHARACTER SET utf8mb4 COLLATE utf8mb4_unicode_ci NOT NULL,
  `try_login` int NOT NULL DEFAULT '5',
  `status_login` enum('active','nonactive') CHARACTER SET utf8mb4 COLLATE utf8mb4_unicode_ci NOT NULL DEFAULT 'active',
  `created_at` timestamp NULL DEFAULT NULL,
  `updated_at` timestamp NULL DEFAULT NULL,
  `cooldown_until` datetime DEFAULT NULL
) ENGINE=InnoDB DEFAULT CHARSET=utf8mb4 COLLATE=utf8mb4_unicode_ci;

--
-- Dumping data for table `users`
--

INSERT INTO `users` (`id`, `employee_id`, `username`, `password`, `role`, `try_login`, `status_login`, `created_at`, `updated_at`, `cooldown_until`) VALUES
(32, NULL, 'admin', '$2y$10$QIJNveX51wIG7uZerJBpmOVgzgngshlkpKqUNh3aMvhlH8kA/DYWC', 'admin', 5, 'active', NULL, NULL, NULL),
(47, 68, 'andreas', '$2y$12$9ViUpFUEHHCZp0IaSJYkvuV/xMNBehzr9uNQS/gIxTpa1kGRQ4Ajy', 'employee', 5, 'active', '2025-05-26 21:46:27', '2025-06-18 06:36:04', NULL),
(52, 54, 'kinanti', '$2y$12$Qega922KbCWs/C.rxJdY4uquIPL7.7wD6ZZYNSGb.3uJnvhoeE5s.', 'employee', 5, 'active', '2025-05-26 22:01:34', '2025-05-31 00:26:27', NULL),
(54, 67, 'bagas', '$2y$12$sBtdOiT.S0dsS0yxUIPz9.HqfhvXPeDi1Ui2KEMXIXhncPSmH4L5C', 'employee', 5, 'active', '2025-05-31 00:37:47', '2025-05-31 00:48:06', NULL),
(55, 65, 'herman', '$2y$12$czyrWQIvHGmM2Ze1rPkMBeGVHJQPCH0xPnIyLOsmect1vwSk3/7Yq', 'employee', 5, 'active', '2025-06-02 00:16:13', '2025-06-04 05:35:26', NULL);

-- --------------------------------------------------------

--
-- Table structure for table `weekly_holidays`
--

CREATE TABLE `weekly_holidays` (
  `id` bigint UNSIGNED NOT NULL,
  `max_holidays_per_week` tinyint UNSIGNED NOT NULL DEFAULT '1',
  `days` json DEFAULT NULL,
  `created_at` timestamp NULL DEFAULT NULL,
  `updated_at` timestamp NULL DEFAULT NULL
) ENGINE=InnoDB DEFAULT CHARSET=utf8mb4 COLLATE=utf8mb4_unicode_ci;

--
-- Dumping data for table `weekly_holidays`
--

INSERT INTO `weekly_holidays` (`id`, `max_holidays_per_week`, `days`, `created_at`, `updated_at`) VALUES
(5, 1, '[\"Sunday\"]', '2025-06-16 19:51:41', '2025-06-22 07:56:34');

--
-- Indexes for dumped tables
--

--
-- Indexes for table `attendances`
--
ALTER TABLE `attendances`
  ADD PRIMARY KEY (`id`),
  ADD KEY `attendances_employee_id_foreign` (`employee_id`);

--
-- Indexes for table `cache`
--
ALTER TABLE `cache`
  ADD PRIMARY KEY (`key`);

--
-- Indexes for table `cache_locks`
--
ALTER TABLE `cache_locks`
  ADD PRIMARY KEY (`key`);

--
-- Indexes for table `employees`
--
ALTER TABLE `employees`
  ADD PRIMARY KEY (`id`),
  ADD UNIQUE KEY `employees_employee_code_unique` (`employee_code`),
  ADD UNIQUE KEY `employees_email_unique` (`email`),
  ADD KEY `employees_position_id_foreign` (`position_id`);

--
-- Indexes for table `failed_jobs`
--
ALTER TABLE `failed_jobs`
  ADD PRIMARY KEY (`id`),
  ADD UNIQUE KEY `failed_jobs_uuid_unique` (`uuid`);

--
-- Indexes for table `jobs`
--
ALTER TABLE `jobs`
  ADD PRIMARY KEY (`id`),
  ADD KEY `jobs_queue_index` (`queue`);

--
-- Indexes for table `job_batches`
--
ALTER TABLE `job_batches`
  ADD PRIMARY KEY (`id`);

--
-- Indexes for table `migrations`
--
ALTER TABLE `migrations`
  ADD PRIMARY KEY (`id`);

--
-- Indexes for table `positions`
--
ALTER TABLE `positions`
  ADD PRIMARY KEY (`id`);

--
-- Indexes for table `salaries`
--
ALTER TABLE `salaries`
  ADD PRIMARY KEY (`id`),
  ADD KEY `salaries_employee_id_foreign` (`employee_id`),
  ADD KEY `salaries_salary_setting_id_foreign` (`salary_setting_id`);

--
-- Indexes for table `salary_settings`
--
ALTER TABLE `salary_settings`
  ADD PRIMARY KEY (`id`),
  ADD KEY `salary_settings_employee_id_foreign` (`employee_id`),
  ADD KEY `salary_settings_position_id_foreign` (`position_id`);

--
-- Indexes for table `sessions`
--
ALTER TABLE `sessions`
  ADD PRIMARY KEY (`id`),
  ADD KEY `sessions_user_id_index` (`user_id`),
  ADD KEY `sessions_last_activity_index` (`last_activity`);

--
-- Indexes for table `time_off_requests`
--
ALTER TABLE `time_off_requests`
  ADD PRIMARY KEY (`id`),
  ADD KEY `time_off_requests_employee_id_foreign` (`employee_id`);

--
-- Indexes for table `users`
--
ALTER TABLE `users`
  ADD PRIMARY KEY (`id`),
  ADD UNIQUE KEY `users_username_unique` (`username`),
  ADD KEY `users_employee_id_foreign` (`employee_id`);

--
-- Indexes for table `weekly_holidays`
--
ALTER TABLE `weekly_holidays`
  ADD PRIMARY KEY (`id`);

--
-- AUTO_INCREMENT for dumped tables
--

--
-- AUTO_INCREMENT for table `attendances`
--
ALTER TABLE `attendances`
  MODIFY `id` bigint UNSIGNED NOT NULL AUTO_INCREMENT, AUTO_INCREMENT=816;

--
-- AUTO_INCREMENT for table `employees`
--
ALTER TABLE `employees`
  MODIFY `id` bigint UNSIGNED NOT NULL AUTO_INCREMENT, AUTO_INCREMENT=73;

--
-- AUTO_INCREMENT for table `failed_jobs`
--
ALTER TABLE `failed_jobs`
  MODIFY `id` bigint UNSIGNED NOT NULL AUTO_INCREMENT;

--
-- AUTO_INCREMENT for table `jobs`
--
ALTER TABLE `jobs`
  MODIFY `id` bigint UNSIGNED NOT NULL AUTO_INCREMENT;

--
-- AUTO_INCREMENT for table `migrations`
--
ALTER TABLE `migrations`
  MODIFY `id` int UNSIGNED NOT NULL AUTO_INCREMENT, AUTO_INCREMENT=24;

--
-- AUTO_INCREMENT for table `positions`
--
ALTER TABLE `positions`
  MODIFY `id` bigint UNSIGNED NOT NULL AUTO_INCREMENT, AUTO_INCREMENT=23;

--
-- AUTO_INCREMENT for table `salaries`
--
ALTER TABLE `salaries`
  MODIFY `id` bigint UNSIGNED NOT NULL AUTO_INCREMENT, AUTO_INCREMENT=65;

--
-- AUTO_INCREMENT for table `salary_settings`
--
ALTER TABLE `salary_settings`
  MODIFY `id` bigint UNSIGNED NOT NULL AUTO_INCREMENT, AUTO_INCREMENT=21;

--
-- AUTO_INCREMENT for table `time_off_requests`
--
ALTER TABLE `time_off_requests`
  MODIFY `id` bigint UNSIGNED NOT NULL AUTO_INCREMENT, AUTO_INCREMENT=57;

--
-- AUTO_INCREMENT for table `users`
--
ALTER TABLE `users`
  MODIFY `id` bigint UNSIGNED NOT NULL AUTO_INCREMENT, AUTO_INCREMENT=60;

--
-- AUTO_INCREMENT for table `weekly_holidays`
--
ALTER TABLE `weekly_holidays`
  MODIFY `id` bigint UNSIGNED NOT NULL AUTO_INCREMENT, AUTO_INCREMENT=6;

--
-- Constraints for dumped tables
--

--
-- Constraints for table `attendances`
--
ALTER TABLE `attendances`
  ADD CONSTRAINT `attendances_employee_id_foreign` FOREIGN KEY (`employee_id`) REFERENCES `employees` (`id`) ON DELETE CASCADE;

--
-- Constraints for table `employees`
--
ALTER TABLE `employees`
  ADD CONSTRAINT `employees_position_id_foreign` FOREIGN KEY (`position_id`) REFERENCES `positions` (`id`) ON DELETE SET NULL;

--
-- Constraints for table `salaries`
--
ALTER TABLE `salaries`
  ADD CONSTRAINT `salaries_employee_id_foreign` FOREIGN KEY (`employee_id`) REFERENCES `employees` (`id`) ON DELETE CASCADE,
  ADD CONSTRAINT `salaries_salary_setting_id_foreign` FOREIGN KEY (`salary_setting_id`) REFERENCES `salary_settings` (`id`) ON DELETE CASCADE;

--
-- Constraints for table `salary_settings`
--
ALTER TABLE `salary_settings`
  ADD CONSTRAINT `salary_settings_employee_id_foreign` FOREIGN KEY (`employee_id`) REFERENCES `employees` (`id`) ON DELETE CASCADE,
  ADD CONSTRAINT `salary_settings_position_id_foreign` FOREIGN KEY (`position_id`) REFERENCES `positions` (`id`) ON DELETE SET NULL;

--
-- Constraints for table `time_off_requests`
--
ALTER TABLE `time_off_requests`
  ADD CONSTRAINT `time_off_requests_employee_id_foreign` FOREIGN KEY (`employee_id`) REFERENCES `employees` (`id`) ON DELETE CASCADE;

--
-- Constraints for table `users`
--
ALTER TABLE `users`
  ADD CONSTRAINT `users_employee_id_foreign` FOREIGN KEY (`employee_id`) REFERENCES `employees` (`id`) ON DELETE CASCADE;
COMMIT;

/*!40101 SET CHARACTER_SET_CLIENT=@OLD_CHARACTER_SET_CLIENT */;
/*!40101 SET CHARACTER_SET_RESULTS=@OLD_CHARACTER_SET_RESULTS */;
/*!40101 SET COLLATION_CONNECTION=@OLD_COLLATION_CONNECTION */;
